time,Point_1,Point_2,Point_3,Point_4,Point_5,Point_6,Point_7,Point_8,Point_9,Point_10
0.049999999999999996,1.5323653959965469,0.11014639823506911,1.347915742193651,1.2707690965033833,0.22681798758615604,2.0949044453442167,0.3134048815838419,0.7180820660014097,0.23851608549130374,0.1746909925621328
0.10000000000000002,2.7153819554271,0.32023188696601323,2.479342529164222,2.4768826895917853,0.533880055888963,3.3366496856182204,0.7088180220066799,1.4428874492761576,0.6559991911858032,0.43484698525636734
