time,Point_1,Point_2,Point_3,Point_4,Point_5,Point_6,Point_7,Point_8,Point_9,Point_10
0.049999999999999996,1.5882455699609017,0.01343501039764406,1.247276502338432,0.8529844020504724,0.08258962308113353,2.895227010477896,0.13372186786140255,0.4969192435545503,0.038844411374483585,0.05228150490493512
0.10000000000000002,3.108810075023386,0.04369572557823174,2.497397085507724,1.8682511555384267,0.20327165871297687,5.373367077783383,0.3185220432335405,1.0631348917541679,0.11910700929705517,0.1333068343515883
