time,Point_1,Point_2,Point_3,Point_4,Point_5,Point_6,Point_7,Point_8,Point_9,Point_10
0.049999999999999996,1.5882455699609017,0.01343501039764406,1.247276502338432,0.8529844020504724,0.08258962308113353,2.895227010477896,0.13372186786140255,0.4969192435545503,0.038844411374483585,0.05228150490493512
0.10000000000000002,3.108810075023386,0.04369572557823174,2.497397085507724,1.8682511555384267,0.20327165871297687,5.373367077783383,0.3185220432335405,1.0631348917541679,0.11910700929705517,0.1333068343515883
0.15000000000000005,4.553233901425821,0.09502813143392033,3.729484248656979,2.972468197369655,0.35881766097607637,7.506519926061975,0.5465151094609257,1.6709491258967444,0.24494657282183172,0.24331738968860228
0.2000000000000001,5.914599888591284,0.16890724344347882,4.925131532998188,4.1141064999500045,0.5433404839012188,9.354610390692145,0.8081239174375462,2.299784002016555,0.4158615275377364,0.37940850243884056
