time,Point_1,Point_2,Point_3,Point_4,Point_5,Point_6,Point_7,Point_8,Point_9,Point_10
0.049999999999999996,1.5323653959965469,0.11014639823506911,1.347915742193651,1.2707690965033833,0.22681798758615604,2.0949044453442167,0.3134048815838419,0.7180820660014097,0.23851608549130374,0.1746909925621328
0.10000000000000002,2.7153819554271,0.32023188696601323,2.479342529164222,2.4768826895917853,0.533880055888963,3.3366496856182204,0.7088180220066799,1.4428874492761576,0.6559991911858032,0.43484698525636734
0.15000000000000005,3.588728218008729,0.5013700712203026,3.326723433352403,3.3873652404819463,0.7837963637716244,4.2139903645477075,1.026833227168597,2.0067067068901454,1.0107642461225803,0.6503479293543084
0.2000000000000001,4.220244009168417,0.6380888699214298,3.9423860803526454,4.050775120733567,0.9700221560482235,4.838605169466704,1.263070531390866,2.421462303594598,1.2776417326293588,0.8115895373314862
