time,Point_1,Point_2,Point_3,Point_4,Point_5,Point_6,Point_7,Point_8,Point_9,Point_10
0.049999999999999996,0.69627562157999,0.11610525709896868,0.657067886098345,0.6828550643227989,0.1707873013516658,0.7728907411848104,0.22073440669872724,0.4132072873444003,0.23064195805955265,0.14432829670158703
0.10000000000000002,0.7394577140869357,0.12591654928051604,0.6994555859661964,0.7288156872610007,0.183987899983611,0.8145042448850196,0.23742469912508418,0.442164961801162,0.24973903863196537,0.15580478815375867
